INSERT INTO LygSewingOutput (TrnDate, OperatorName, StyleCode, SizeName, DestinationCode, QtyOutput) VALUES
('2024-01-02', 'M. Zaidan', 'BOSSE FANCY OH HOOD S.9', 'XS', 'HK', 15),
('2024-01-02', 'M. Zaidan', 'BOSSE FANCY OH HOOD S.9', 'S', 'HK', 25),
('2024-01-02', 'M. Zaidan', 'BOSSE FANCY OH HOOD S.9', 'L', 'HK', 30),
('2024-01-02', 'M. Zaidan', 'BOSSE FANCY OH HOOD S.9', 'XL', 'HK', 17),
('2024-01-02', 'M. Zaidan', 'BOSSE FANCY OH HOOD S.9', 'XXL', 'HK', 11),
('2024-01-02', 'M. Zaidan', 'BOSSE FANCY OH HOOD S.9', 'XS', 'SG', 3),
('2024-01-02', 'M. Zaidan', 'BOSSE FANCY OH HOOD S.9', 'S', 'SG', 5),
('2024-01-02', 'M. Zaidan', 'BOSSE FANCY OH HOOD S.9', 'XL', 'SG', 12),
('2024-01-02', 'M. Zaidan', 'BOSSE FANCY OH HOOD S.9', 'XXL', 'SG', 1),
('2024-01-02', 'Afizza Shabira', 'BOSSE FANCY OH HOOD S.9', 'XS', 'HK', 12),
('2024-01-02', 'Afizza Shabira', 'BOSSE FANCY OH HOOD S.9', 'S', 'HK', 12),
('2024-01-02', 'Afizza Shabira', 'BOSSE FANCY OH HOOD S.9', 'L', 'HK', 9),
('2024-01-02', 'Afizza Shabira', 'BOSSE FANCY OH HOOD S.9', 'XL', 'HK', 25),
('2024-01-02', 'Afizza Shabira', 'BOSSE FANCY OH HOOD S.9', 'XXL', 'HK', 7),
('2024-01-02', 'Afizza Shabira', 'BOSSE FANCY OH HOOD S.9', 'XS', 'SG', 2),
('2024-01-02', 'Afizza Shabira', 'BOSSE FANCY OH HOOD S.9', 'L', 'SG', 1),
('2024-01-02', 'Afizza Shabira', 'BOSSE FANCY OH HOOD S.9', 'XL', 'SG', 3),
('2024-01-02', 'M. Zaidan', 'FOOTBALL SETS EUROCUP CW N (ARGENTINA) S.9', '92', 'HK', 21),
('2024-01-02', 'M. Zaidan', 'FOOTBALL SETS EUROCUP CW N (ARGENTINA) S.9', '98', 'HK', 20),
('2024-01-02', 'M. Zaidan', 'FOOTBALL SETS EUROCUP CW N (ARGENTINA) S.9', '152', 'HK', 10),
('2024-01-02', 'M. Zaidan', 'FOOTBALL SETS EUROCUP CW N (ARGENTINA) S.9', '92', 'SG', 19),
('2024-01-02', 'M. Zaidan', 'FOOTBALL SETS EUROCUP CW N (ARGENTINA) S.9', '98', 'SG', 18),
('2024-01-02', 'M. Zaidan', 'FOOTBALL SETS EUROCUP CW N (ARGENTINA) S.9', '152', 'SG', 9),
('2024-01-02', 'Afizza Shabira', 'FOOTBALL SETS EUROCUP CW N (ARGENTINA) S.9', '92', 'HK', 13),
('2024-01-02', 'Afizza Shabira', 'FOOTBALL SETS EUROCUP CW N (ARGENTINA) S.9', '98', 'HK', 12),
('2024-01-02', 'Afizza Shabira', 'FOOTBALL SETS EUROCUP CW N (ARGENTINA) S.9', '152', 'HK', 6),
('2024-01-03', 'M. Zaidan', 'BOSSE FANCY OH HOOD S.9', 'S', 'HK', 32),
('2024-01-03', 'M. Zaidan', 'BOSSE FANCY OH HOOD S.9', 'L', 'HK', 39),
('2024-01-03', 'M. Zaidan', 'BOSSE FANCY OH HOOD S.9', 'XL', 'HK', 33),
('2024-01-03', 'M. Zaidan', 'BOSSE FANCY OH HOOD S.9', 'XXL', 'HK', 11),
('2024-01-03', 'M. Zaidan', 'BOSSE FANCY OH HOOD S.9', 'S', 'SG', 9),
('2024-01-03', 'M. Zaidan', 'BOSSE FANCY OH HOOD S.9', 'XL', 'SG', 30),
('2024-01-03', 'M. Zaidan', 'BOSSE FANCY OH HOOD S.9', 'XXL', 'SG', 12),
('2024-01-03', 'Afizza Shabira', 'BOSSE FANCY OH HOOD S.9', 'S', 'HK', 36),
('2024-01-03', 'Afizza Shabira', 'BOSSE FANCY OH HOOD S.9', 'L', 'HK', 31),
('2024-01-03', 'Afizza Shabira', 'BOSSE FANCY OH HOOD S.9', 'XL', 'HK', 26),
('2024-01-03', 'Afizza Shabira', 'BOSSE FANCY OH HOOD S.9', 'XXL', 'HK', 13),
('2024-01-03', 'Afizza Shabira', 'BOSSE FANCY OH HOOD S.9', 'L', 'SG', 6),
('2024-01-03', 'Afizza Shabira', 'BOSSE FANCY OH HOOD S.9', 'XL', 'SG', 11),
('2024-01-03', 'Afizza Shabira', 'BOSSE FANCY OH HOOD S.9', 'XXL', 'SG', 13),
('2024-01-03', 'M. Zaidan', 'FOOTBALL SETS EUROCUP CW N (ARGENTINA) S.9', '92', 'HK', 11),
('2024-01-03', 'M. Zaidan', 'FOOTBALL SETS EUROCUP CW N (ARGENTINA) S.9', '98', 'HK', 12),
('2024-01-03', 'M. Zaidan', 'FOOTBALL SETS EUROCUP CW N (ARGENTINA) S.9', '104', 'HK', 21),
('2024-01-03', 'M. Zaidan', 'FOOTBALL SETS EUROCUP CW N (ARGENTINA) S.9', '110', 'HK', 14),
('2024-01-03', 'M. Zaidan', 'FOOTBALL SETS EUROCUP CW N (ARGENTINA) S.9', '116', 'HK', 17),
('2024-01-03', 'M. Zaidan', 'FOOTBALL SETS EUROCUP CW N (ARGENTINA) S.9', '122', 'HK', 23),
('2024-01-03', 'M. Zaidan', 'FOOTBALL SETS EUROCUP CW N (ARGENTINA) S.9', '128', 'HK', 25),
('2024-01-03', 'M. Zaidan', 'FOOTBALL SETS EUROCUP CW N (ARGENTINA) S.9', '134', 'HK', 27),
('2024-01-03', 'M. Zaidan', 'FOOTBALL SETS EUROCUP CW N (ARGENTINA) S.9', '140', 'HK', 29),
('2024-01-03', 'M. Zaidan', 'FOOTBALL SETS EUROCUP CW N (ARGENTINA) S.9', '146', 'HK', 14),
('2024-01-03', 'M. Zaidan', 'FOOTBALL SETS EUROCUP CW N (ARGENTINA) S.9', '152', 'HK', 12),
('2024-01-03', 'Afizza Shabira', 'FOOTBALL SETS EUROCUP CW N (ARGENTINA) S.9', '92', 'SG', 21),
('2024-01-03', 'Afizza Shabira', 'FOOTBALL SETS EUROCUP CW N (ARGENTINA) S.9', '98', 'SG', 11),
('2024-01-03', 'Afizza Shabira', 'FOOTBALL SETS EUROCUP CW N (ARGENTINA) S.9', '104', 'SG', 19),
('2024-01-03', 'Afizza Shabira', 'FOOTBALL SETS EUROCUP CW N (ARGENTINA) S.9', '110', 'SG', 7),
('2024-01-03', 'Afizza Shabira', 'FOOTBALL SETS EUROCUP CW N (ARGENTINA) S.9', '116', 'SG', 6),
('2024-01-03', 'Afizza Shabira', 'FOOTBALL SETS EUROCUP CW N (ARGENTINA) S.9', '122', 'SG', 5),
('2024-01-03', 'Afizza Shabira', 'FOOTBALL SETS EUROCUP CW N (ARGENTINA) S.9', '134', 'SG', 12),
('2024-01-03', 'Afizza Shabira', 'FOOTBALL SETS EUROCUP CW N (ARGENTINA) S.9', '140', 'SG', 18),
('2024-01-03', 'Afizza Shabira', 'FOOTBALL SETS EUROCUP CW N (ARGENTINA) S.9', '146', 'SG', 19),
('2024-01-03', 'Afizza Shabira', 'FOOTBALL SETS EUROCUP CW N (ARGENTINA) S.9', '152', 'SG', 21);


INSERT INTO LygStyleSize (StyleCode, SizeSort, SizeName) VALUES
('BOSSE FANCY OH HOOD S.9', 1, 'XS'),
('BOSSE FANCY OH HOOD S.9', 2, 'S'),
('BOSSE FANCY OH HOOD S.9', 3, 'M'),
('BOSSE FANCY OH HOOD S.9', 4, 'L'),
('BOSSE FANCY OH HOOD S.9', 5, 'XL'),
('BOSSE FANCY OH HOOD S.9', 6, 'XXL'),
('FOOTBALL SETS EUROCUP CW N (ARGENTINA) S.9', 1, '92'),
('FOOTBALL SETS EUROCUP CW N (ARGENTINA) S.9', 2, '98'),
('FOOTBALL SETS EUROCUP CW N (ARGENTINA) S.9', 3, '104'),
('FOOTBALL SETS EUROCUP CW N (ARGENTINA) S.9', 4, '110'),
('FOOTBALL SETS EUROCUP CW N (ARGENTINA) S.9', 5, '116'),
('FOOTBALL SETS EUROCUP CW N (ARGENTINA) S.9', 6, '122'),
('FOOTBALL SETS EUROCUP CW N (ARGENTINA) S.9', 7, '128'),
('FOOTBALL SETS EUROCUP CW N (ARGENTINA) S.9', 8, '134'),
('FOOTBALL SETS EUROCUP CW N (ARGENTINA) S.9', 9, '140'),
('FOOTBALL SETS EUROCUP CW N (ARGENTINA) S.9', 10, '146'),
('FOOTBALL SETS EUROCUP CW N (ARGENTINA) S.9', 11, '152');


INSERT INTO LygDestination (DestinationCode, DestinationName) VALUES
('HK', 'Hongkong'),
('SG', 'Singapore');
